onset	duration	sample	value
5.5419921875	n/a	5676	3111
5.5419921875	n/a	5676	1211
5.5419921875	n/a	5676	3200
5.5419921875	n/a	5676	3310
5.5419921875	n/a	5676	4230
5.5595703125	n/a	5694	2621
8.0595703125	n/a	8254	2622
9.9033203125	n/a	10142	1121
10.736328125	n/a	10995	4311
10.7919921875	n/a	11052	1122
15.2275390625	n/a	15594	4210
15.951171875	n/a	16335	4312
20.8916015625	n/a	21394	1111
21.0029296875	n/a	21508	1112
31.1845703125	n/a	31934	1111
32.18359375	n/a	32957	4220
32.20703125	n/a	32981	4311
32.2724609375	n/a	33048	1112
34.06640625	n/a	34885	4210
34.6884765625	n/a	35522	4230
42.724609375	n/a	43751	4210
43.38671875	n/a	44429	4312
44.6103515625	n/a	45682	4230
50.62890625	n/a	51845	1121
50.70703125	n/a	51925	3200
51.0595703125	n/a	52286	2621
51.7841796875	n/a	53028	4311
51.8623046875	n/a	53108	1122
54.412109375	n/a	55719	4210
54.662109375	n/a	55975	4312
57.7431640625	n/a	59130	4220
59.5595703125	n/a	60990	2622
60.0263671875	n/a	61468	1121
60.248046875	n/a	61695	4210
60.6376953125	n/a	62094	4311
60.669921875	n/a	62127	1122
61.423828125	n/a	62899	4230
61.875	n/a	63361	4210
63.1005859375	n/a	64616	4220
63.23046875	n/a	64749	4210
66.1796875	n/a	67769	4312
68.900390625	n/a	70555	1121
69.64453125	n/a	71317	4230
69.9111328125	n/a	71590	4311
69.978515625	n/a	71659	1122
74.79296875	n/a	76589	4210
76.3369140625	n/a	78170	4312
86.505859375	n/a	88583	4220
86.59765625	n/a	88677	1121
87.2978515625	n/a	89394	4210
87.7763671875	n/a	89884	4311
87.8525390625	n/a	89962	4230
87.8525390625	n/a	89962	1122
90.0419921875	n/a	92204	4210
90.2626953125	n/a	92430	4312
91.525390625	n/a	93723	3200
92.05859375	n/a	94269	2621
96.2822265625	n/a	98594	1121
97.4267578125	n/a	99766	4230
97.603515625	n/a	99947	4311
97.7041015625	n/a	100050	1122
100.05859375	n/a	102461	2622
104.259765625	n/a	106763	4210
106.21875	n/a	108769	1111
106.396484375	n/a	108951	4220
107.2294921875	n/a	109804	4311
107.2958984375	n/a	109872	1112
109.994140625	n/a	112635	4210
111.15625	n/a	113825	4312
111.4072265625	n/a	114082	4230
115.8779296875	n/a	118660	1121
116.8212890625	n/a	119626	4311
116.888671875	n/a	119695	1122
119.9208984375	n/a	122800	4210
120.380859375	n/a	123271	4312
122.9580078125	n/a	125910	4220
125.5087890625	n/a	128522	1111
126.421875	n/a	129457	4311
126.4873046875	n/a	129524	1112
129.26953125	n/a	132373	4210
130.1591796875	n/a	133284	4312
132.408203125	n/a	135587	3200
132.80859375	n/a	135997	2621
133.509765625	n/a	136715	4230
134.609375	n/a	137841	4210
135.1904296875	n/a	138436	1121
135.953125	n/a	139217	4311
135.9970703125	n/a	139262	1122
136.1298828125	n/a	139398	4230
137.37890625	n/a	140677	4210
138.279296875	n/a	141599	4220
141.05859375	n/a	144445	2622
141.2685546875	n/a	144660	4210
143.6376953125	n/a	147086	4312
144.2509765625	n/a	147714	4220
145.9638671875	n/a	149468	4210
147.93359375	n/a	151485	4230
148.5830078125	n/a	152150	4210
153.568359375	n/a	157255	1111
154.3662109375	n/a	158072	4220
154.5439453125	n/a	158254	4311
154.611328125	n/a	158323	1112
157.162109375	n/a	160935	4210
159.162109375	n/a	162983	4312
161.44140625	n/a	165317	4220
163.5107421875	n/a	167436	1121
163.6552734375	n/a	167584	4311
163.6552734375	n/a	167584	1122
169.2958984375	n/a	173360	4210
171.265625	n/a	175377	4312
173.1796875	n/a	177337	3200
173.5576171875	n/a	177724	2621
181.8076171875	n/a	186172	2622
183.0390625	n/a	187433	4230
190.5126953125	n/a	195086	4210
190.7392578125	n/a	195318	1121
191.150390625	n/a	195739	4230
191.7392578125	n/a	196342	4311
191.8056640625	n/a	196410	1122
200.4443359375	n/a	205256	4210
200.9111328125	n/a	205734	4312
200.9912109375	n/a	205816	1111
201.912109375	n/a	206759	4220
201.9453125	n/a	206793	4311
202.0126953125	n/a	206862	1112
204.1630859375	n/a	209064	4210
204.263671875	n/a	209167	4312
211.2744140625	n/a	216346	1111
212.2587890625	n/a	217354	4220
212.42578125	n/a	217525	4311
212.501953125	n/a	217603	1112
214.2041015625	n/a	219346	3200
214.5576171875	n/a	219708	2621
215.4248046875	n/a	220596	4210
215.9853515625	n/a	221170	4312
222.8076171875	n/a	228156	2622
228.75	n/a	234241	4220
229.859375	n/a	235377	4210
231.2373046875	n/a	236788	1121
232.2021484375	n/a	237776	4230
232.3466796875	n/a	237924	4311
232.423828125	n/a	238003	1122
235.19140625	n/a	240837	4210
235.9208984375	n/a	241584	4220
243.3447265625	n/a	249186	4210
244.8544921875	n/a	250732	4312
244.9951171875	n/a	250876	4220
246.220703125	n/a	252131	4210
247.0908203125	n/a	253022	4230
249.33984375	n/a	255325	4210
251.39453125	n/a	257429	1111
251.4833984375	n/a	257520	4230
252.2939453125	n/a	258350	4210
252.3828125	n/a	258441	4311
252.4501953125	n/a	258510	1112
252.771484375	n/a	258839	4220
254.23046875	n/a	260333	4210
254.921875	n/a	261041	4230
255.2822265625	n/a	261410	3200
255.806640625	n/a	261947	2621
256.783203125	n/a	262947	4210
257.302734375	n/a	263479	4312
262.0390625	n/a	268329	1111
262.8388671875	n/a	269148	4311
262.89453125	n/a	269205	1112
264.056640625	n/a	270395	2622
264.7568359375	n/a	271112	4230
267.115234375	n/a	273527	4210
269.1376953125	n/a	275598	4230
270.5498046875	n/a	277044	4210
271.3818359375	n/a	277896	4220
272.58203125	n/a	279125	1111
274.142578125	n/a	280723	4311
274.2529296875	n/a	280836	1112
281.904296875	n/a	288671	4210
283.7236328125	n/a	290534	4220
286.0	n/a	292865	1111
287.1669921875	n/a	294060	4311
287.2451171875	n/a	294140	1112
290.7666015625	n/a	297746	4210
290.7666015625	n/a	297746	4312
296.509765625	n/a	303627	3200
297.056640625	n/a	304187	2621
297.1123046875	n/a	304244	1121
298.1337890625	n/a	305290	4230
298.2236328125	n/a	305382	4311
298.30078125	n/a	305461	1122
301.380859375	n/a	308615	4210
302.6552734375	n/a	309920	4312
305.3056640625	n/a	312634	2622
305.6748046875	n/a	313012	4220
308.2529296875	n/a	315652	1121
308.8857421875	n/a	316300	4210
309.408203125	n/a	316835	4230
309.5966796875	n/a	317028	4311
309.697265625	n/a	317131	1122
319.5693359375	n/a	327240	4210
319.740234375	n/a	327415	1121
320.26171875	n/a	327949	4230
320.8505859375	n/a	328552	4311
320.9287109375	n/a	328632	1122
323.52734375	n/a	331293	4210
323.94921875	n/a	331725	4220
326.275390625	n/a	334107	4210
330.0625	n/a	337985	4312
330.9833984375	n/a	338928	1121
331.47265625	n/a	339429	4311
331.4951171875	n/a	339452	1122
331.56640625	n/a	339525	4230
332.8310546875	n/a	340820	4210
333.7548828125	n/a	341766	4312
337.8564453125	n/a	345966	3200
338.3056640625	n/a	346426	2621
338.759765625	n/a	346891	4220
346.8056640625	n/a	355130	2622
348.6611328125	n/a	357030	4210
350.5615234375	n/a	358976	4220
351.44921875	n/a	359885	4210
351.9404296875	n/a	360388	1121
352.9404296875	n/a	361412	4311
352.984375	n/a	361457	4230
353.0078125	n/a	361481	1122
354.6611328125	n/a	363174	4210
355.6748046875	n/a	364212	4312
358.68359375	n/a	367293	4220
363.970703125	n/a	372707	4210
369.2958984375	n/a	378160	1121
369.5849609375	n/a	378456	4311
369.5966796875	n/a	378468	1122
370.65234375	n/a	379549	4312
372.947265625	n/a	381899	4220
373.962890625	n/a	382939	4210
377.0107421875	n/a	386060	4220
377.8603515625	n/a	386930	1121
378.5703125	n/a	387657	4210
378.669921875	n/a	387759	4311
378.7265625	n/a	387817	1122
378.8583984375	n/a	387952	3200
379.3056640625	n/a	388410	2621
379.3486328125	n/a	388454	4230
380.19140625	n/a	389317	4210
381.646484375	n/a	390807	4220
382.48046875	n/a	391661	4210
383.68359375	n/a	392893	4312
387.0439453125	n/a	396334	1121
387.5546875	n/a	396857	2622
388.0546875	n/a	397369	4230
388.1103515625	n/a	397426	4311
388.1884765625	n/a	397506	1122
390.3740234375	n/a	399744	4210
391.1357421875	n/a	400524	4312
393.615234375	n/a	403063	4220
394.1474609375	n/a	403608	4210
394.958984375	n/a	404439	4220
396.5703125	n/a	406089	1121
396.9921875	n/a	406521	4311
397.013671875	n/a	406543	1122
397.3271484375	n/a	406864	4210
398.599609375	n/a	408167	4220
401.09765625	n/a	410725	4210
401.619140625	n/a	411259	4220
405.974609375	n/a	415719	4210
406.0947265625	n/a	415842	4312
413.9560546875	n/a	423892	1111
414.900390625	n/a	424859	4220
415.35546875	n/a	425325	4311
415.4560546875	n/a	425428	1112
418.5947265625	n/a	428642	4210
419.2861328125	n/a	429350	4312
419.6376953125	n/a	429710	3200
420.0546875	n/a	430137	2621
420.80078125	n/a	430901	4230
424.03515625	n/a	434213	1121
424.224609375	n/a	434407	4210
424.2470703125	n/a	434430	4311
424.2470703125	n/a	434430	1122
426.7265625	n/a	436969	4312
428.3046875	n/a	438585	2622
431.9619140625	n/a	442330	4220
432.884765625	n/a	443275	1121
433.6171875	n/a	444025	4210
434.0517578125	n/a	444470	4230
434.095703125	n/a	444515	4311
434.1845703125	n/a	444606	1122
438.0869140625	n/a	448602	4210
440.50390625	n/a	451077	4312
442.8984375	n/a	453529	1111
443.654296875	n/a	454303	4220
444.53125	n/a	455201	4311
444.654296875	n/a	455327	1112
451.5205078125	n/a	462358	4210
452.3935546875	n/a	463252	4230
453.28515625	n/a	464165	4210
455.1611328125	n/a	466086	4230
456.041015625	n/a	466987	1111
457.07421875	n/a	468045	4210
457.251953125	n/a	468227	4311
457.3408203125	n/a	468318	1112
457.373046875	n/a	468351	4220
459.8515625	n/a	470889	4210
460.583984375	n/a	471639	4230
460.7041015625	n/a	471762	3200
461.0537109375	n/a	472120	2621
462.7900390625	n/a	473898	4210
463.6533203125	n/a	474782	4220
469.3037109375	n/a	480568	2622
471.513671875	n/a	482831	4210
474.2998046875	n/a	485684	4220
475.1572265625	n/a	486562	1121
475.32421875	n/a	486733	4311
475.32421875	n/a	486733	1122
477.412109375	n/a	488871	4210
478.1337890625	n/a	489610	4312
484.3408203125	n/a	495966	1111
485.2412109375	n/a	496888	4220
485.33984375	n/a	496989	4311
485.4072265625	n/a	497058	1112
488.40625	n/a	500129	4210
489.771484375	n/a	501527	4230
497.029296875	n/a	508959	4210
498.072265625	n/a	510027	4312
501.4833984375	n/a	513520	4220
501.50390625	n/a	513541	3200
501.8037109375	n/a	513848	2621
503.33984375	n/a	515421	4210
503.6416015625	n/a	515730	1121
504.6181640625	n/a	516730	4230
504.740234375	n/a	516855	4311
504.818359375	n/a	516935	1122
507.6572265625	n/a	519842	4210
508.912109375	n/a	521127	4220
509.775390625	n/a	522011	4210
510.3037109375	n/a	522552	2622
511.9619140625	n/a	524250	4220
514.056640625	n/a	526395	1111
514.80078125	n/a	527157	4311
514.845703125	n/a	527203	1112
517.333984375	n/a	529751	4210
524.16015625	n/a	536741	1111
524.3603515625	n/a	536946	4220
525.4931640625	n/a	538106	4311
525.59375	n/a	538209	1112
528.6650390625	n/a	541354	4210
531.154296875	n/a	543903	4230
534.98828125	n/a	547829	1111
535.076171875	n/a	547919	1112
535.359375	n/a	548209	4210
536.2392578125	n/a	549110	4220
536.921875	n/a	549809	4210
542.66015625	n/a	555685	3200
543.052734375	n/a	556087	2621
544.53515625	n/a	557605	1121
545.423828125	n/a	558515	4230
545.6572265625	n/a	558754	4311
545.7353515625	n/a	558834	1122
547.701171875	n/a	560847	4210
548.1220703125	n/a	561278	4220
551.552734375	n/a	564791	2622
552.7177734375	n/a	565984	4210
555.984375	n/a	569329	4312
559.9052734375	n/a	573344	4230
561.822265625	n/a	575307	4210
562.3125	n/a	575809	4220
578.0283203125	n/a	591902	4210
579.501953125	n/a	593411	4220
580.6240234375	n/a	594560	4210
582.095703125	n/a	596067	4220
583.951171875	n/a	597967	3200
584.302734375	n/a	598327	2621
586.138671875	n/a	600207	4210
588.357421875	n/a	602479	4220
592.2138671875	n/a	606428	4210
592.552734375	n/a	606775	2622
593.4521484375	n/a	607696	4230
595.9423828125	n/a	610246	4210
604.6923828125	n/a	619206	4220
609.1416015625	n/a	623762	4210
610.2216796875	n/a	624868	1121
610.4970703125	n/a	625150	4311
610.5078125	n/a	625161	1122
610.5615234375	n/a	625216	4230
612.580078125	n/a	627283	4210
614.23046875	n/a	628973	4220
614.66015625	n/a	629413	4210
615.7392578125	n/a	630518	4312
620.4970703125	n/a	635390	1121
621.626953125	n/a	636547	4230
621.66015625	n/a	636581	4311
621.73828125	n/a	636661	1122
625.0166015625	n/a	640018	3200
625.5517578125	n/a	640566	2621
628.56640625	n/a	643653	4210
629.345703125	n/a	644451	4312
631.8193359375	n/a	646984	1111
632.330078125	n/a	647507	4311
632.3515625	n/a	647529	1112
632.57421875	n/a	647757	4220
633.8017578125	n/a	649014	2622
633.93359375	n/a	649149	4210
634.9736328125	n/a	650214	4230
636.2431640625	n/a	651514	4210
637.6728515625	n/a	652978	4230
642.134765625	n/a	657547	4210
642.873046875	n/a	658303	4312
652.671875	n/a	668337	1121
653.66015625	n/a	669349	4230
653.759765625	n/a	669451	4311
653.837890625	n/a	669531	1122
657.4990234375	n/a	673280	4210
658.7900390625	n/a	674602	4220
660.890625	n/a	676753	4210
660.890625	n/a	676753	4312
661.90625	n/a	677793	1111
662.7841796875	n/a	678692	4220
663.1728515625	n/a	679090	4311
663.26171875	n/a	679181	1112
666.1630859375	n/a	682152	3200
666.2939453125	n/a	682286	4210
666.5517578125	n/a	682550	2621
667.3134765625	n/a	683330	4220
668.72265625	n/a	684773	4210
669.2822265625	n/a	685346	4312
671.3955078125	n/a	687510	1121
672.0390625	n/a	688169	4230
672.650390625	n/a	688795	4311
672.7392578125	n/a	688886	1122
674.3017578125	n/a	690486	2622
683.1416015625	n/a	699538	4210
683.1416015625	n/a	699538	4312
684.3837890625	n/a	700810	4230
688.5732421875	n/a	705100	4210
690.212890625	n/a	706779	4230
690.7900390625	n/a	707370	1121
692.1572265625	n/a	708770	4311
692.2568359375	n/a	708872	1122
699.3984375	n/a	716185	4210
700.0185546875	n/a	716820	4312
702.6943359375	n/a	719560	1111
703.4580078125	n/a	720342	4220
703.625	n/a	720513	4311
703.6923828125	n/a	720582	1112
705.72265625	n/a	722661	4210
705.97265625	n/a	722917	4312
706.8837890625	n/a	723850	3200
707.30078125	n/a	724277	2621
712.537109375	n/a	729639	4220
713.896484375	n/a	731031	4210
715.0966796875	n/a	732260	4230
715.30078125	n/a	732469	2622
716.9658203125	n/a	734174	4210
717.8154296875	n/a	735044	4220
718.7060546875	n/a	735956	4210
719.6357421875	n/a	736908	4230
720.59375	n/a	737889	1111
721.7509765625	n/a	739074	4210
722.05078125	n/a	739381	4220
722.0615234375	n/a	739392	4311
722.1728515625	n/a	739506	1112
724.583984375	n/a	741975	4210
724.923828125	n/a	742323	4230
730.7421875	n/a	748281	1121
730.8525390625	n/a	748394	4210
731.552734375	n/a	749111	4230
731.841796875	n/a	749407	4311
731.9189453125	n/a	749486	1122
733.6708984375	n/a	751280	4210
733.990234375	n/a	751607	4220
740.552734375	n/a	758327	1111
741.650390625	n/a	759451	4311
741.728515625	n/a	759531	1112
745.939453125	n/a	763843	4210
746.859375	n/a	764785	4220
747.69921875	n/a	765645	3200
748.05078125	n/a	766005	2621
748.51953125	n/a	766485	4210
750.2255859375	n/a	768232	4220
755.84765625	n/a	773989	4210
756.30078125	n/a	774453	2622
758.625	n/a	776833	4220
760.9453125	n/a	779209	4210
761.8642578125	n/a	780150	4230
762.6748046875	n/a	780980	4210
766.943359375	n/a	785351	4220
769.1865234375	n/a	787648	4210
771.056640625	n/a	789563	4312
771.21484375	n/a	789725	4220
773.0751953125	n/a	791630	4210
776.8759765625	n/a	795522	1111
777.1650390625	n/a	795818	4230
777.998046875	n/a	796671	4210
778.2431640625	n/a	796922	4311
778.3427734375	n/a	797024	1112
778.384765625	n/a	797067	4220
781.07421875	n/a	799821	4210
781.64453125	n/a	800405	4230
788.34375	n/a	807265	3200
788.7998046875	n/a	807732	2621
792.994140625	n/a	812027	4210
794.203125	n/a	813265	4312
796.4482421875	n/a	815564	1111
796.892578125	n/a	816019	4220
797.0498046875	n/a	816180	2622
797.4248046875	n/a	816564	4311
797.4912109375	n/a	816632	1112
799.7626953125	n/a	818958	4210
800.6728515625	n/a	819890	4230
802.751953125	n/a	822019	4210
802.751953125	n/a	822019	4312
806.599609375	n/a	825959	1121
807.6669921875	n/a	827052	4230
808.1572265625	n/a	827554	4311
808.267578125	n/a	827667	1122
812.73828125	n/a	832245	4210
814.34765625	n/a	833893	4312
814.7880859375	n/a	834344	4220
824.458984375	n/a	844247	4210
828.4033203125	n/a	848286	1111
829.046875	n/a	848945	4220
829.3671875	n/a	849273	3200
829.6455078125	n/a	849558	4311
829.734375	n/a	849649	1112
829.7998046875	n/a	849716	2621
832.1953125	n/a	852169	4210
832.60546875	n/a	852589	4230
833.6650390625	n/a	853674	4210
834.8056640625	n/a	854842	4312
838.0498046875	n/a	858164	2622
839.076171875	n/a	859215	1111
839.3310546875	n/a	859476	4311
839.34375	n/a	859489	1112
840.0849609375	n/a	860248	4230
843.39453125	n/a	863637	4210
844.763671875	n/a	865039	4230
848.0185546875	n/a	868372	4210
850.4140625	n/a	870825	4230
851.39453125	n/a	871829	4210
852.484375	n/a	872945	4312
852.583984375	n/a	873047	4220
854.783203125	n/a	875299	4210
857.9765625	n/a	878569	4230
858.51171875	n/a	879117	4210
860.001953125	n/a	880643	4220
864.30078125	n/a	885045	4210
865.291015625	n/a	886059	4230
867.7646484375	n/a	888592	4210
868.2236328125	n/a	889062	4220
869.8642578125	n/a	890742	4210
870.2138671875	n/a	891100	3200
870.548828125	n/a	891443	2621
872.5625	n/a	893505	4220
874.8828125	n/a	895881	4210
877.357421875	n/a	898415	1121
878.2802734375	n/a	899360	4230
878.798828125	n/a	899891	2622
878.8017578125	n/a	899894	4311
878.90234375	n/a	899997	1122
882.3125	n/a	903489	4210
883.4931640625	n/a	904698	4220
888.6005859375	n/a	909928	1121
888.7900390625	n/a	910122	4311
888.7900390625	n/a	910122	1122
889.2314453125	n/a	910574	4210
890.3310546875	n/a	911700	4220
895.5	n/a	916993	4210
896.9853515625	n/a	918514	4220
898.5634765625	n/a	920130	1111
899.828125	n/a	921425	4311
899.91796875	n/a	921517	1112
902.1591796875	n/a	923812	4210
902.599609375	n/a	924263	4230
904.62890625	n/a	926341	4210
905.388671875	n/a	927119	4312
906.7685546875	n/a	928532	4230
908.8935546875	n/a	930708	4210
909.7724609375	n/a	931608	1111
910.1494140625	n/a	931994	4220
910.3046875	n/a	932153	4311
910.3388671875	n/a	932188	1112
911.48046875	n/a	933357	3200
912.048828125	n/a	933939	2621
912.8994140625	n/a	934810	4210
913.279296875	n/a	935199	4230
920.048828125	n/a	942131	2622
920.26953125	n/a	942357	1121
921.3984375	n/a	943513	4311
921.4765625	n/a	943593	1122
924.5380859375	n/a	946728	4210
927.126953125	n/a	949379	4312
931.4833984375	n/a	953840	1121
932.4052734375	n/a	954784	4230
932.849609375	n/a	955239	4311
932.94921875	n/a	955341	1122
936.5400390625	n/a	959018	4210
937.0205078125	n/a	959510	4312
940.8818359375	n/a	963464	4220
943.0703125	n/a	965705	1111
944.224609375	n/a	966887	4311
944.302734375	n/a	966967	1112
947.0849609375	n/a	969816	4210
947.43359375	n/a	970173	4312
949.333984375	n/a	972119	4230
952.734375	n/a	975601	3200
953.2978515625	n/a	976178	2621
954.48046875	n/a	977389	1121
954.8466796875	n/a	977764	4311
954.857421875	n/a	977775	1122
956.6796875	n/a	979641	4210
957.1396484375	n/a	980112	4312
961.5478515625	n/a	984626	2622
965.1103515625	n/a	988274	1111
966.232421875	n/a	989423	4220
966.84375	n/a	990049	4311
966.9775390625	n/a	990186	1112
974.21875	n/a	997601	4210
974.21875	n/a	997601	4312
977.2294921875	n/a	1000684	4230
977.798828125	n/a	1001267	4210
979.6357421875	n/a	1003148	4230
983.8642578125	n/a	1007478	4210
986.564453125	n/a	1010243	1111
986.720703125	n/a	1010403	4311
986.720703125	n/a	1010403	1112
987.29296875	n/a	1010989	4312
989.171875	n/a	1012913	4230
993.6103515625	n/a	1017458	3200
994.0478515625	n/a	1017906	2621
994.271484375	n/a	1018135	4210
996.9970703125	n/a	1020926	4230
998.517578125	n/a	1022483	4210
999.3271484375	n/a	1023312	4220
1001.6064453125	n/a	1025646	4210
1002.296875	n/a	1026353	2622
1003.2880859375	n/a	1027368	1121
1004.4208984375	n/a	1028528	4230
1004.787109375	n/a	1028903	4311
1004.8994140625	n/a	1029018	1122
1010.298828125	n/a	1034547	4210
1011.44921875	n/a	1035725	4220
1014.5869140625	n/a	1038938	4210
1017.568359375	n/a	1041991	4312
1021.701171875	n/a	1046223	4311
1021.701171875	n/a	1046223	1121
1021.701171875	n/a	1046223	1122
1025.51171875	n/a	1050125	4312
1028.01171875	n/a	1052685	4230
1030.201171875	n/a	1054927	1121
1031.5009765625	n/a	1056258	4311
1031.58984375	n/a	1056349	1122
1034.291015625	n/a	1059115	3200
1034.796875	n/a	1059633	2621
1035.890625	n/a	1060753	4210
1037.3310546875	n/a	1062228	4312
1042.060546875	n/a	1067071	1111
1042.3935546875	n/a	1067412	4311
1042.4052734375	n/a	1067424	1112
1042.5771484375	n/a	1067600	4220
1043.046875	n/a	1068081	2622
1044.4072265625	n/a	1069474	4210
1045.296875	n/a	1070385	4230
1046.4560546875	n/a	1071572	4210
1046.9755859375	n/a	1072104	4220
1056.07421875	n/a	1081421	4210
1058.0048828125	n/a	1083398	4312
1059.537109375	n/a	1084967	4220
1059.537109375	n/a	1084967	1111
1059.9482421875	n/a	1085388	4311
1059.970703125	n/a	1085411	1112
1063.1416015625	n/a	1088658	4210
1063.591796875	n/a	1089119	4230
1068.75	n/a	1094401	1121
1069.5166015625	n/a	1095186	4311
1069.5615234375	n/a	1095232	1122
1071.744140625	n/a	1097467	4210
1072.0146484375	n/a	1097744	4312
1074.8837890625	n/a	1100682	3200
1075.2958984375	n/a	1101104	2621
1078.4189453125	n/a	1104302	1121
1079.5849609375	n/a	1105496	4230
1079.9521484375	n/a	1105872	4311
1080.0634765625	n/a	1105986	1122
1083.5458984375	n/a	1109552	2622
1083.755859375	n/a	1109767	4210
1084.236328125	n/a	1110259	4220
1087.8056640625	n/a	1113914	4210
1088.91796875	n/a	1115053	4230
1103.666015625	n/a	1130155	4210
1105.7451171875	n/a	1132284	4230
1107.005859375	n/a	1133575	1121
1107.1953125	n/a	1133769	4210
1107.6513671875	n/a	1134236	4230
1107.9619140625	n/a	1134554	4311
1108.02734375	n/a	1134621	1122
1110.5166015625	n/a	1137170	4210
1111.10546875	n/a	1137773	4312
1112.486328125	n/a	1139187	4220
1113.3857421875	n/a	1140108	4210
1115.7353515625	n/a	1142514	3200
1116.2958984375	n/a	1143088	2621
1117.158203125	n/a	1143971	1111
1117.724609375	n/a	1144551	4311
1117.7578125	n/a	1144585	1112
1117.830078125	n/a	1144659	4220
1124.7958984375	n/a	1151792	2622
1126.97265625	n/a	1154021	1121
1127.9951171875	n/a	1155068	4311
1128.060546875	n/a	1155135	1122
1128.1328125	n/a	1155209	4210
1128.5322265625	n/a	1155618	4230
1130.0126953125	n/a	1157134	4210
1130.47265625	n/a	1157605	4220
1137.3603515625	n/a	1164658	1121
1138.3291015625	n/a	1165650	4210
1138.6376953125	n/a	1165966	4311
1138.6875	n/a	1166017	4230
1138.728515625	n/a	1166059	1122
1141.259765625	n/a	1168651	4210
1142.3994140625	n/a	1169818	4220
1156.728515625	n/a	1184491	3200
1157.044921875	n/a	1184815	2621
1157.484375	n/a	1185265	1111
1159.0390625	n/a	1186857	4311
1159.1513671875	n/a	1186972	1112
1165.544921875	n/a	1193519	2622
1167.80078125	n/a	1195829	4210
1170.17578125	n/a	1198261	4220
1170.822265625	n/a	1198923	1111
1171.900390625	n/a	1200027	4311
1171.9775390625	n/a	1200106	1112
1175.1494140625	n/a	1203354	4210
1175.689453125	n/a	1203907	4230
1179.9677734375	n/a	1208288	4210
1181.0751953125	n/a	1209422	4220
1181.56640625	n/a	1209925	1121
1182.77734375	n/a	1211165	4311
1182.8662109375	n/a	1211256	1122
1182.9482421875	n/a	1211340	4210
1183.408203125	n/a	1211811	4230
1184.578125	n/a	1213009	4210
1185.087890625	n/a	1213531	4220
1197.814453125	n/a	1226563	3200
1198.294921875	n/a	1227055	2621
1204.1513671875	n/a	1233052	1111
1205.4287109375	n/a	1234360	4311
1205.517578125	n/a	1234451	1112
1207.044921875	n/a	1236015	2622
1208.109375	n/a	1237105	4210
1208.509765625	n/a	1237515	4230
1212.798828125	n/a	1241907	4210
1213.5625	n/a	1242689	4220
1235.203125	n/a	1264849	1121
1236.5361328125	n/a	1266214	4210
1236.5595703125	n/a	1266238	1122
1236.771484375	n/a	1266455	4230
1239.0400390625	n/a	1268778	3200
1239.5439453125	n/a	1269294	2621
1243.2431640625	n/a	1273082	4210
1243.8955078125	n/a	1273750	4230
1246.2939453125	n/a	1276206	2622
1260.0556640625	n/a	1290298	1111
1260.6904296875	n/a	1290948	4210
1261.189453125	n/a	1291459	4220
1261.4453125	n/a	1291721	4311
1261.544921875	n/a	1291823	1112
1264.4755859375	n/a	1294824	4210
1264.845703125	n/a	1295203	4230
1266.560546875	n/a	1296959	4210
1268.388671875	n/a	1298831	4230
1271.05859375	n/a	1301565	4210
1273.4384765625	n/a	1304002	4230
1274.2314453125	n/a	1304814	4210
1275.1044921875	n/a	1305708	4312
1275.8876953125	n/a	1306510	4230
1279.578125	n/a	1310289	4210
1279.9091796875	n/a	1310628	1121
1280.076171875	n/a	1310799	3200
1280.5439453125	n/a	1311278	2621
1281.09765625	n/a	1311845	4311
1281.1650390625	n/a	1311914	4230
1281.1865234375	n/a	1311936	1122
1288.5439453125	n/a	1319470	2622
1289.3720703125	n/a	1320318	1111
1289.7265625	n/a	1320681	4311
1289.7373046875	n/a	1320692	1112
1289.9697265625	n/a	1320930	4210
1291.982421875	n/a	1322991	4230
1303.1787109375	n/a	1334456	4210
1304.6142578125	n/a	1335926	4220
1305.4462890625	n/a	1336778	1121
1305.9443359375	n/a	1337288	4311
1305.974609375	n/a	1337319	1122
1306.0859375	n/a	1337433	4210
1307.818359375	n/a	1339207	4230
1309.4921875	n/a	1340921	4210
1309.4921875	n/a	1340921	4312
1314.34375	n/a	1345889	1111
1314.41015625	n/a	1345957	4220
1316.1767578125	n/a	1347766	1112
1320.8837890625	n/a	1352586	3200
1321.29296875	n/a	1353005	2621
1329.54296875	n/a	1361453	2622
1334.4990234375	n/a	1366528	4210
1338.3310546875	n/a	1370452	4230
1339.123046875	n/a	1371263	4210
1342.27734375	n/a	1374493	4230
1343.939453125	n/a	1376195	4210
1346.6171875	n/a	1378937	4220
1351.6328125	n/a	1384073	4210
1353.037109375	n/a	1385511	4220
1361.5087890625	n/a	1394186	3200
1362.04296875	n/a	1394733	2621
1362.642578125	n/a	1395347	4210
1366.265625	n/a	1399057	1111
1367.2216796875	n/a	1400036	4220
1367.5986328125	n/a	1400422	4311
1367.6982421875	n/a	1400524	1112
1369.8564453125	n/a	1402734	4210
1370.267578125	n/a	1403155	4230
1370.29296875	n/a	1403181	2622
1373.2470703125	n/a	1406206	4210
1374.1494140625	n/a	1407130	4230
1376.5166015625	n/a	1409554	1121
1378.494140625	n/a	1411579	1122
1387.904296875	n/a	1421215	4210
1390.88671875	n/a	1424269	4230
1393.3359375	n/a	1426777	4210
1394.9814453125	n/a	1428462	4230
1397.0546875	n/a	1430585	4210
1397.9462890625	n/a	1431498	4220
1400.3974609375	n/a	1434008	1111
1401.1083984375	n/a	1434736	4311
1401.1533203125	n/a	1434782	1112
1402.5859375	n/a	1436249	3200
1403.0419921875	n/a	1436716	2621
1403.9501953125	n/a	1437646	4210
1406.798828125	n/a	1440563	4312
1408.9052734375	n/a	1442720	4220
1411.2919921875	n/a	1445164	2622
1419.3173828125	n/a	1453382	1111
1419.8173828125	n/a	1453894	4311
1419.8388671875	n/a	1453916	1112
1421.7666015625	n/a	1455890	4210
1422.548828125	n/a	1456691	4230
1427.18359375	n/a	1461437	4210
1427.666015625	n/a	1461931	4312
1429.9482421875	n/a	1464268	4220
1432.9072265625	n/a	1467298	4210
1436.21875	n/a	1470689	4220
1439.62890625	n/a	1474181	4210
1442.296875	n/a	1476913	4220
1443.380859375	n/a	1478023	3200
1443.7919921875	n/a	1478444	2621
1447.5810546875	n/a	1482324	1121
1448.63671875	n/a	1483405	4210
1448.6806640625	n/a	1483450	4311
1448.7587890625	n/a	1483530	1122
1449.1005859375	n/a	1483880	4230
1450.3623046875	n/a	1485172	4210
1450.904296875	n/a	1485727	4312
1451.677734375	n/a	1486519	4220
1452.2919921875	n/a	1487148	2622
1467.3974609375	n/a	1502616	4210
1467.69921875	n/a	1502925	1111
1468.1328125	n/a	1503369	4220
1469.0322265625	n/a	1504290	4311
1469.1328125	n/a	1504393	1112
1472.7939453125	n/a	1508142	4210
1474.33984375	n/a	1509725	4220
1479.044921875	n/a	1514543	4210
1479.3466796875	n/a	1514852	4312
1481.2412109375	n/a	1516792	4230
1483.2392578125	n/a	1518838	4210
1484.5830078125	n/a	1520214	3200
1485.041015625	n/a	1520683	2621
1487.4658203125	n/a	1523166	4220
1490.2001953125	n/a	1525966	4210
1493.291015625	n/a	1529131	2622
1495.3662109375	n/a	1531256	4230
1497.927734375	n/a	1533879	1121
1499.349609375	n/a	1535335	4311
1499.4501953125	n/a	1535438	1122
1505.1474609375	n/a	1541272	4210
1505.580078125	n/a	1541715	4220
1519.041015625	n/a	1555499	1111
1520.9287109375	n/a	1557432	4311
1521.07421875	n/a	1557581	1112
1525.908203125	n/a	1562531	3200
1526.291015625	n/a	1562923	2621
1534.541015625	n/a	1571371	2622
1535.419921875	n/a	1572271	4210
1536.0009765625	n/a	1572866	4220
1539.302734375	n/a	1576247	4210
1540.2861328125	n/a	1577254	4312
1540.73046875	n/a	1577709	4230
1542.232421875	n/a	1579247	1111
1542.48828125	n/a	1579509	4311
1542.4990234375	n/a	1579520	1112
1547.71875	n/a	1584865	4210
1548.431640625	n/a	1585595	4312
1550.638671875	n/a	1587855	4220
1552.5859375	n/a	1589849	1111
1553.56640625	n/a	1590853	4311
1553.6298828125	n/a	1590918	1112
1556.5390625	n/a	1593897	4210
1557.4423828125	n/a	1594822	4312
1563.7890625	n/a	1601321	1121
1564.8564453125	n/a	1602414	4230
1565.1328125	n/a	1602697	4311
1565.2333984375	n/a	1602800	1122
1567.052734375	n/a	1604663	3200
1567.5400390625	n/a	1605162	2621
1571.025390625	n/a	1608731	4210
1572.3994140625	n/a	1610138	4220
1575.48828125	n/a	1613301	1121
1576.0400390625	n/a	1613866	2622
1576.0888671875	n/a	1613916	4210
1576.666015625	n/a	1614507	4230
1576.7880859375	n/a	1614632	4311
1576.876953125	n/a	1614723	1122
1579.466796875	n/a	1617375	4210
1579.9677734375	n/a	1617888	4220
1584.9833984375	n/a	1623024	1121
1585.849609375	n/a	1623911	4210
1586.2607421875	n/a	1624332	4311
1586.271484375	n/a	1624343	4230
1586.3486328125	n/a	1624422	1122
1590.51171875	n/a	1628685	4210
1591.4658203125	n/a	1629662	4230
1594.2841796875	n/a	1632548	4210
1594.51953125	n/a	1632789	1121
1595.5634765625	n/a	1633858	4230
1595.5966796875	n/a	1633892	4311
1595.6748046875	n/a	1633972	1122
1599.1796875	n/a	1637561	4210
1600.052734375	n/a	1638455	4220
1602.6708984375	n/a	1641136	4210
1602.9921875	n/a	1641465	4230
1607.314453125	n/a	1645891	4210
1608.05859375	n/a	1646653	3200
1608.5400390625	n/a	1647146	2621
1608.7109375	n/a	1647321	4220
1612.2099609375	n/a	1650904	1111
1612.2646484375	n/a	1650960	1112
1615.958984375	n/a	1654743	4210
1616.5390625	n/a	1655337	2622
1619.1787109375	n/a	1658040	4220
1620.6279296875	n/a	1659524	1111
1621.3603515625	n/a	1660274	4311
1621.404296875	n/a	1660319	1112
1624.2353515625	n/a	1663218	4210
1625.02734375	n/a	1664029	4230
1629.8447265625	n/a	1668962	1121
1630.087890625	n/a	1669211	4311
1630.087890625	n/a	1669211	1122
1633.0771484375	n/a	1672272	4210
1636.05859375	n/a	1675325	4220
1638.5849609375	n/a	1677912	1111
1639.029296875	n/a	1678367	4210
1639.240234375	n/a	1678583	4220
1639.8515625	n/a	1679209	4311
1639.9404296875	n/a	1679300	1112
1642.55859375	n/a	1681981	4210
1642.939453125	n/a	1682371	4230
1648.509765625	n/a	1688075	1121
1648.8662109375	n/a	1688440	3200
1649.2890625	n/a	1688873	2621
1649.4775390625	n/a	1689066	4311
1649.54296875	n/a	1689133	1122
1653.2578125	n/a	1692937	4210
1654.1513671875	n/a	1693852	4220
1657.2197265625	n/a	1696994	4210
1657.5390625	n/a	1697321	2622
1657.76953125	n/a	1697557	4230
1666.8564453125	n/a	1706862	1121
1667.80078125	n/a	1707829	4311
1667.8681640625	n/a	1707898	1122
1683.8779296875	n/a	1724292	1111
1684.5888671875	n/a	1725020	4210
1685.033203125	n/a	1725475	4220
1685.3779296875	n/a	1725828	4311
1685.48828125	n/a	1725941	1112
1688.318359375	n/a	1728839	4210
1688.48828125	n/a	1729013	4230
1689.82421875	n/a	1730381	3200
1690.2890625	n/a	1730857	2621
1692.7431640625	n/a	1733370	4210
1693.5556640625	n/a	1734202	4220
1695.421875	n/a	1736113	4210
1696.404296875	n/a	1737119	4230
1698.2880859375	n/a	1739048	2622
1698.7021484375	n/a	1739472	4210
1699.4990234375	n/a	1740288	4220
1699.6376953125	n/a	1740430	1121
1700.4375	n/a	1741249	4210
1700.8818359375	n/a	1741704	4230
1701.203125	n/a	1742033	1122
1711.4130859375	n/a	1752488	4210
1713.58984375	n/a	1754717	4220
1715.1943359375	n/a	1756360	4210
1717.3046875	n/a	1758521	1121
1718.0595703125	n/a	1759294	4230
1718.4814453125	n/a	1759726	4311
1718.5595703125	n/a	1759806	1122
1720.9384765625	n/a	1762242	4210
1721.3193359375	n/a	1762632	4220
1727.6982421875	n/a	1769164	1111
1728.888671875	n/a	1770383	4311
1728.978515625	n/a	1770475	1112
1730.955078125	n/a	1772499	3200
1731.5380859375	n/a	1773096	2621
1733.1318359375	n/a	1774728	4210
1735.30859375	n/a	1776957	4220
1739.6318359375	n/a	1781384	1111
1739.7880859375	n/a	1781544	2622
1741.287109375	n/a	1783079	4311
1741.4091796875	n/a	1783204	1112
1746.0927734375	n/a	1788000	4210
1746.416015625	n/a	1788331	4230
1768.595703125	n/a	1811043	4210
1769.53515625	n/a	1812005	4220
1771.912109375	n/a	1814439	3200
1772.287109375	n/a	1814823	2621
1773.7470703125	n/a	1816318	4210
1775.232421875	n/a	1817839	4230
1777.02734375	n/a	1819677	4210
1777.6982421875	n/a	1820364	4220
1780.0615234375	n/a	1822784	1121
1780.787109375	n/a	1823527	2622
1781.0615234375	n/a	1823808	4311
1781.1279296875	n/a	1823876	1122
1781.2099609375	n/a	1823960	4210
1781.6611328125	n/a	1824422	4230
1782.5439453125	n/a	1825326	4210
1783.0751953125	n/a	1825870	4220
1786.3359375	n/a	1829209	4210
1788.1416015625	n/a	1831058	4220
1788.6826171875	n/a	1831612	4210
1789.7421875	n/a	1832697	4230
1809.458984375	n/a	1852887	4210
1810.060546875	n/a	1853503	4220
1811.8525390625	n/a	1855338	4210
1812.3544921875	n/a	1855852	4230
1812.724609375	n/a	1856231	3200
1813.037109375	n/a	1856551	2621
1814.591796875	n/a	1858143	1121
1814.7578125	n/a	1858313	4311
1814.7578125	n/a	1858313	1122
1816.498046875	n/a	1860095	4210
1817.26953125	n/a	1860885	4230
1818.9951171875	n/a	1862652	4210
1819.8076171875	n/a	1863484	4230
1821.287109375	n/a	1864999	2622
1824.5986328125	n/a	1868390	1121
1825.431640625	n/a	1869243	4311
1825.48828125	n/a	1869301	1122
1844.51171875	n/a	1888781	1121
1844.58984375	n/a	1888861	4210
1845.1337890625	n/a	1889418	4230
1845.8115234375	n/a	1890112	4311
1845.900390625	n/a	1890203	1122
1848.23828125	n/a	1892597	4210
1848.5595703125	n/a	1892926	4220
1853.0732421875	n/a	1897548	4210
1853.8369140625	n/a	1898330	3200
1854.2861328125	n/a	1898790	2621
1854.5927734375	n/a	1899104	4220
1855.962890625	n/a	1900507	1111
1856.939453125	n/a	1901507	4311
1857.0068359375	n/a	1901576	1112
1858.9833984375	n/a	1903600	4210
1860.005859375	n/a	1904647	4312
1862.5361328125	n/a	1907238	2622
1867.140625	n/a	1911953	1121
1867.7958984375	n/a	1912624	4230
1868.51953125	n/a	1913365	1122
1871.6884765625	n/a	1916610	4210
1872.2607421875	n/a	1917196	4220
1888.455078125	n/a	1933779	1121
1888.4658203125	n/a	1933790	1122
1889.6708984375	n/a	1935024	4210
1891.796875	n/a	1937201	4220
1893.7041015625	n/a	1939154	4210
1895.048828125	n/a	1940531	3200
1895.5361328125	n/a	1941030	2621
1896.3232421875	n/a	1941836	4230
1896.6171875	n/a	1942137	1111
1897.162109375	n/a	1942695	4210
1897.7392578125	n/a	1943286	4311
1897.8056640625	n/a	1943354	4220
1897.8173828125	n/a	1943366	1112
1899.783203125	n/a	1945379	4210
1900.2041015625	n/a	1945810	4230
1903.5859375	n/a	1949273	4210
1903.7861328125	n/a	1949478	2622
1904.2080078125	n/a	1949910	4230
1906.033203125	n/a	1951779	1111
1906.8330078125	n/a	1952598	1112
1906.9765625	n/a	1952745	4210
1907.3173828125	n/a	1953094	4220
1912.04296875	n/a	1957933	4210
1912.5546875	n/a	1958457	4230
1915.119140625	n/a	1961083	1121
1916.095703125	n/a	1962083	4311
1916.1630859375	n/a	1962152	1122
1918.5322265625	n/a	1964578	4210
1920.177734375	n/a	1966263	4220
1923.4599609375	n/a	1969624	4210
1924.236328125	n/a	1970419	4230
1924.5166015625	n/a	1970706	1121
1924.76171875	n/a	1970957	4311
1924.76171875	n/a	1970957	1122
1927.892578125	n/a	1974163	4210
1928.666015625	n/a	1974955	4220
1933.1806640625	n/a	1979578	1121
1934.3681640625	n/a	1980794	4210
1934.6689453125	n/a	1981102	4230
1934.802734375	n/a	1981239	4311
1934.9248046875	n/a	1981364	1122
1936.0498046875	n/a	1982516	3200
1936.53515625	n/a	1983013	2621
1938.0556640625	n/a	1984570	4210
1938.4365234375	n/a	1984960	4220
1944.78515625	n/a	1991461	2622
1945.0146484375	n/a	1991696	1121
1945.091796875	n/a	1991775	1122
1946.076171875	n/a	1992783	4210
1948.9453125	n/a	1995721	4220
1950.720703125	n/a	1997539	4210
1952.8173828125	n/a	1999686	4230
1953.4853515625	n/a	2000370	4210
1956.724609375	n/a	2003687	4230
1958.3798828125	n/a	2005382	4210
1958.8828125	n/a	2005897	4220
1962.591796875	n/a	2009695	4210
1964.576171875	n/a	2011727	4220
1968.798828125	n/a	2016051	4210
1970.9111328125	n/a	2018214	1111
1971.1767578125	n/a	2018486	4220
1971.912109375	n/a	2019239	4311
1971.9775390625	n/a	2019306	1112
1976.71484375	n/a	2024157	3200
1977.03515625	n/a	2024485	2621
1978.5810546875	n/a	2026068	4210
1979.2021484375	n/a	2026704	4230
1984.5810546875	n/a	2032212	4210
1985.28515625	n/a	2032933	2622
1987.1474609375	n/a	2034840	4230
1989.6640625	n/a	2037417	4210
1990.07421875	n/a	2037837	4220
1998.3837890625	n/a	2046346	1111
1999.216796875	n/a	2047199	4311
1999.2724609375	n/a	2047256	1112
2001.3779296875	n/a	2049412	4210
2002.552734375	n/a	2050615	4230
2002.90234375	n/a	2050973	4210
2003.876953125	n/a	2051971	4312
2008.220703125	n/a	2056419	1121
2009.2646484375	n/a	2057488	4230
2009.3759765625	n/a	2057602	4311
2009.453125	n/a	2057681	1122
2011.6611328125	n/a	2059942	4210
2012.3828125	n/a	2060681	4220
2015.2919921875	n/a	2063660	4210
2017.5224609375	n/a	2065944	4312
2017.5771484375	n/a	2066000	3200
2018.0341796875	n/a	2066468	2621
2018.482421875	n/a	2066927	1111
2018.4931640625	n/a	2066938	4220
2019.0703125	n/a	2067529	4311
2019.1044921875	n/a	2067564	1112
2022.53515625	n/a	2071077	4210
2023.328125	n/a	2071889	4230
2024.662109375	n/a	2073255	4210
2025.1552734375	n/a	2073760	4220
2026.5341796875	n/a	2075172	2622
2028.1982421875	n/a	2076876	1111
2028.9765625	n/a	2077673	4311
2029.0205078125	n/a	2077718	1112
2031.5107421875	n/a	2080268	4210
2033.6572265625	n/a	2082466	4220
2038.18359375	n/a	2087101	1111
2038.2939453125	n/a	2087214	1112
2041.88671875	n/a	2090893	4210
2043.322265625	n/a	2092363	4230
2044.375	n/a	2093441	4210
2045.720703125	n/a	2094819	4220
2046.6318359375	n/a	2095752	4210
2047.525390625	n/a	2096667	1111
2048.6357421875	n/a	2097804	4220
2049.0126953125	n/a	2098190	4311
2049.1240234375	n/a	2098304	1112
2052.537109375	n/a	2101799	4210
2052.9677734375	n/a	2102240	4230
2054.0517578125	n/a	2103350	4210
2054.84375	n/a	2104161	4220
2058.67578125	n/a	2108085	3200
2058.736328125	n/a	2108147	4210
2059.0341796875	n/a	2108452	2621
2059.4287109375	n/a	2108856	4230
2063.140625	n/a	2112657	4210
2063.4814453125	n/a	2113006	4220
2067.5341796875	n/a	2117156	2622
2069.7890625	n/a	2119465	1111
2070.6884765625	n/a	2120386	4311
2070.7451171875	n/a	2120444	1112
2073.1416015625	n/a	2122898	4210
2073.462890625	n/a	2123227	4312
2074.525390625	n/a	2124315	4230
2076.8232421875	n/a	2126668	4210
2077.5556640625	n/a	2127418	4220
2080.21484375	n/a	2130141	1111
2080.3701171875	n/a	2130300	4311
2080.3701171875	n/a	2130300	1112
2084.2607421875	n/a	2134284	4210
2085.1123046875	n/a	2135156	4220
2089.419921875	n/a	2139567	4210
2089.7958984375	n/a	2139952	1111
2090.439453125	n/a	2140611	4220
2091.005859375	n/a	2141191	4311
2091.0947265625	n/a	2141282	1112
2094.3349609375	n/a	2144600	4210
2094.90625	n/a	2145185	4230
2099.7294921875	n/a	2150124	3200
2100.033203125	n/a	2150435	2621
2100.7099609375	n/a	2151128	1111
2101.498046875	n/a	2151935	4210
2101.865234375	n/a	2152311	4311
2101.8984375	n/a	2152345	4220
2101.943359375	n/a	2152391	1112
2104.37109375	n/a	2154877	4210
2104.83203125	n/a	2155349	4230
2107.783203125	n/a	2158371	2622
2114.955078125	n/a	2165715	4210
2115.876953125	n/a	2166659	4312
2116.1181640625	n/a	2166906	4220
2116.4287109375	n/a	2167224	4210
2119.1962890625	n/a	2170058	1121
2120.3408203125	n/a	2171230	4230
2120.822265625	n/a	2171723	4311
2120.9423828125	n/a	2171846	1122
2123.7880859375	n/a	2174760	4210
2123.9677734375	n/a	2174944	4220
2129.56640625	n/a	2180677	4210
2130.3076171875	n/a	2181436	4220
2134.0546875	n/a	2185273	4210
2134.06640625	n/a	2185285	4312
2135.5244140625	n/a	2186778	1111
2136.3349609375	n/a	2187608	4220
2136.51171875	n/a	2187789	4311
2136.5791015625	n/a	2187858	1112
2138.5751953125	n/a	2189902	4210
2139.59765625	n/a	2190949	4230
2140.8017578125	n/a	2192182	4210
2140.9814453125	n/a	2192366	3200
2141.283203125	n/a	2192675	2621
2141.3232421875	n/a	2192716	4312
2146.5263671875	n/a	2198044	1121
2147.4267578125	n/a	2198966	4311
2147.482421875	n/a	2199023	4230
2147.482421875	n/a	2199023	1122
2149.439453125	n/a	2201027	4210
2149.783203125	n/a	2201379	2622
2150.2021484375	n/a	2201808	4220
2157.5126953125	n/a	2209294	1121
2158.3017578125	n/a	2210102	4210
2158.6455078125	n/a	2210454	4230
2158.87890625	n/a	2210693	1122
2169.6630859375	n/a	2221736	4210
2171.9267578125	n/a	2224054	4230
2173.7412109375	n/a	2225912	4210
2176.7421875	n/a	2228985	4230
2177.5751953125	n/a	2229838	4210
2178.869140625	n/a	2231163	4220
2181.0029296875	n/a	2233348	4210
2181.94921875	n/a	2234317	1121
2182.3828125	n/a	2234761	3200
2182.60546875	n/a	2234989	4230
2182.7822265625	n/a	2235170	2621
2182.8056640625	n/a	2235194	4311
2182.8603515625	n/a	2235250	1122
2184.9990234375	n/a	2237440	4210
2185.21875	n/a	2237665	4220
2191.2822265625	n/a	2243874	2622
2192.3115234375	n/a	2244928	4210
2192.783203125	n/a	2245411	4230
2194.66796875	n/a	2247341	4210
2195.396484375	n/a	2248087	4220
2202.744140625	n/a	2255611	4210
2203.6474609375	n/a	2256536	4220
2205.6640625	n/a	2258601	4210
2206.3974609375	n/a	2259352	4230
2208.1123046875	n/a	2261108	4210
2208.7841796875	n/a	2261796	4230
2209.6142578125	n/a	2262646	1111
2209.658203125	n/a	2262691	4210
2209.890625	n/a	2262929	1112
2210.3037109375	n/a	2263352	4220
2216.15234375	n/a	2269341	4210
2217.14453125	n/a	2270357	4230
2218.0283203125	n/a	2271262	4210
2218.7001953125	n/a	2271950	4220
2221.1826171875	n/a	2274492	4210
2221.625	n/a	2274945	4230
2222.9892578125	n/a	2276342	3200
2223.0986328125	n/a	2276454	4210
2223.5322265625	n/a	2276898	2621
2223.87109375	n/a	2277245	4220
2225.025390625	n/a	2278427	4210
2226.349609375	n/a	2279783	4230
2227.4326171875	n/a	2280892	4210
2227.9345703125	n/a	2281406	4220
2229.0595703125	n/a	2282558	1121
2229.4814453125	n/a	2282990	1122
2231.78125	n/a	2285345	2622
2245.1044921875	n/a	2298988	4210
2246.865234375	n/a	2300791	4230
2248.1494140625	n/a	2302106	4210
2251.3994140625	n/a	2305434	4230
2256.2158203125	n/a	2310366	4210
2256.927734375	n/a	2311095	4220
2263.3935546875	n/a	2317716	1121
2263.615234375	n/a	2317943	3200
2264.03125	n/a	2318369	2621
2264.2041015625	n/a	2318546	4210
2264.6591796875	n/a	2319012	4230
2265.3154296875	n/a	2319684	1122
2272.03125	n/a	2326561	2622
2275.6279296875	n/a	2330244	4210
2276.2001953125	n/a	2330830	4220
2279.25390625	n/a	2333957	4210
2280.076171875	n/a	2334799	4230
2281.5107421875	n/a	2336268	4210
2282.0517578125	n/a	2336822	4220
2285.5732421875	n/a	2340428	4210
2287.513671875	n/a	2342415	1111
2288.326171875	n/a	2343247	4220
2288.7255859375	n/a	2343656	4311
2288.8154296875	n/a	2343748	1112
2291.2421875	n/a	2346233	4210
2297.642578125	n/a	2352787	1111
2297.6865234375	n/a	2352832	4220
2298.076171875	n/a	2353231	4311
2298.09765625	n/a	2353253	1112
2301.1181640625	n/a	2356346	4210
2301.4501953125	n/a	2356686	4230
2303.6171875	n/a	2358905	4210
2304.21875	n/a	2359521	4312
2304.318359375	n/a	2359623	4220
2304.580078125	n/a	2359891	3200
2305.03125	n/a	2360353	2621
2305.7724609375	n/a	2361112	4210
2306.9931640625	n/a	2362362	1121
2307.9541015625	n/a	2363346	4230
2308.0625	n/a	2363457	4311
2308.1328125	n/a	2363529	1122
2310.65625	n/a	2366113	4210
2313.2802734375	n/a	2368800	2622
2313.98828125	n/a	2369525	4230
2315.302734375	n/a	2370871	4210
2317.08984375	n/a	2372701	1121
2317.37890625	n/a	2372997	4230
2317.478515625	n/a	2373099	4311
2317.5009765625	n/a	2373122	1122
2319.8564453125	n/a	2375534	4210
2323.388671875	n/a	2379151	4312
2323.7197265625	n/a	2379490	4230
2334.8701171875	n/a	2390908	4210
2335.6181640625	n/a	2391674	1111
2336.4404296875	n/a	2392516	4220
2336.640625	n/a	2392721	4311
2336.70703125	n/a	2392789	1112
2339.11328125	n/a	2395253	4210
2339.4052734375	n/a	2395552	4230
2341.150390625	n/a	2397339	4210
2341.4208984375	n/a	2397616	4220
2344.419921875	n/a	2400687	4210
2344.8095703125	n/a	2401086	4230
2345.630859375	n/a	2401927	3200
2345.87890625	n/a	2402181	1111
2345.9228515625	n/a	2402226	4311
2345.9228515625	n/a	2402226	1112
2346.0302734375	n/a	2402336	2621
2346.447265625	n/a	2402763	4210
2346.9091796875	n/a	2403236	4220
2348.08203125	n/a	2404437	4210
2348.5244140625	n/a	2404890	4230
2350.298828125	n/a	2406707	4210
2350.7216796875	n/a	2407140	4220
2354.2802734375	n/a	2410784	2622
2355.1630859375	n/a	2411688	1111
2355.9853515625	n/a	2412530	4311
2356.041015625	n/a	2412587	1112
2360.86328125	n/a	2417525	4210
2361.4853515625	n/a	2418162	4312
2364.7734375	n/a	2421529	4220
2365.3544921875	n/a	2422124	1111
2366.4208984375	n/a	2423216	4311
2366.498046875	n/a	2423295	1112
2369.6123046875	n/a	2426484	4210
2370.142578125	n/a	2427027	4230
2373.90625	n/a	2430881	4210
2374.9599609375	n/a	2431960	4312
2377.279296875	n/a	2434335	4220
2379.162109375	n/a	2436263	4210
2380.1552734375	n/a	2437280	4230
2381.689453125	n/a	2438851	4210
2385.333984375	n/a	2442583	1111
2386.5888671875	n/a	2443868	4220
2386.8671875	n/a	2444153	3200
2387.06640625	n/a	2444357	4311
2387.2001953125	n/a	2444494	1112
2387.279296875	n/a	2444575	2621
2393.75390625	n/a	2451205	4210
2393.75390625	n/a	2451205	4312
2395.529296875	n/a	2453023	2622
2399.068359375	n/a	2456647	1111
2400.1572265625	n/a	2457762	4220
2400.82421875	n/a	2458445	4311
2400.9580078125	n/a	2458582	1112
2409.0673828125	n/a	2466886	4210
2409.91015625	n/a	2467749	4312
2411.3447265625	n/a	2469218	4220
2413.3623046875	n/a	2471284	1111
2413.806640625	n/a	2471739	4311
2413.828125	n/a	2471761	1112
2415.7529296875	n/a	2473732	4210
2417.720703125	n/a	2475747	4230
2421.060546875	n/a	2479167	4210
2422.1064453125	n/a	2480238	4312
2423.564453125	n/a	2481731	1111
2424.38671875	n/a	2482573	4220
2424.9970703125	n/a	2483198	4311
2425.09765625	n/a	2483301	1112
2428.1279296875	n/a	2486404	4210
2428.138671875	n/a	2486415	3200
2428.529296875	n/a	2486815	2621
2428.7001953125	n/a	2486990	4230
2430.044921875	n/a	2488367	4210
2433.07421875	n/a	2491469	4230
2433.88671875	n/a	2492301	4210
2436.3671875	n/a	2494841	4220
2436.46875	n/a	2494945	1121
2437.029296875	n/a	2495519	2622
2437.103515625	n/a	2495595	4210
2437.69140625	n/a	2496197	4230
2437.7255859375	n/a	2496232	4311
2437.814453125	n/a	2496323	1122
2441.77734375	n/a	2500381	4210
2443.501953125	n/a	2502147	4220
2447.71875	n/a	2506465	1111
2448.7529296875	n/a	2507524	4311
2448.8203125	n/a	2507593	1112
2453.7548828125	n/a	2512646	4210
2454.095703125	n/a	2512995	4312
2458.8134765625	n/a	2517826	1121
2459.6806640625	n/a	2518714	4230
2459.857421875	n/a	2518895	4311
2459.9248046875	n/a	2518964	1122
2461.9404296875	n/a	2521028	4210
2466.8671875	n/a	2526073	4220
2468.6494140625	n/a	2527898	4210
2469.501953125	n/a	2528771	3200
2469.533203125	n/a	2528803	4312
2469.96484375	n/a	2529245	1111
2470.0283203125	n/a	2529310	2621
2470.65625	n/a	2529953	4220
2471.7900390625	n/a	2531114	1112
2478.2783203125	n/a	2537758	2622
2478.4638671875	n/a	2537948	4210
2480.6904296875	n/a	2540228	4230
2481.12109375	n/a	2540669	4210
2481.7734375	n/a	2541337	4230
2485.0498046875	n/a	2544692	4210
2485.296875	n/a	2544945	1121
2486.1953125	n/a	2545865	4230
2486.9736328125	n/a	2546662	4311
2487.095703125	n/a	2546787	1122
2490.9287109375	n/a	2550712	4210
2491.9013671875	n/a	2551708	4220
2492.494140625	n/a	2552315	4210
2492.9345703125	n/a	2552766	4312
2495.65234375	n/a	2555549	4220
2499.0771484375	n/a	2559056	4210
2499.4345703125	n/a	2559422	1121
2499.990234375	n/a	2559991	4311
2500.0234375	n/a	2560025	1122
2500.294921875	n/a	2560303	4230
2502.37890625	n/a	2562437	4210
2504.0546875	n/a	2564153	4220
2507.4462890625	n/a	2567626	4210
2508.5205078125	n/a	2568726	4312
2510.7060546875	n/a	2570964	3200
2511.0283203125	n/a	2571294	2621
2511.337890625	n/a	2571611	4220
2516.3330078125	n/a	2576726	1121
2517.310546875	n/a	2577727	4210
2517.587890625	n/a	2578011	4311
2517.6767578125	n/a	2578102	4230
2517.6767578125	n/a	2578102	1122
2519.0283203125	n/a	2579486	2622
2521.05859375	n/a	2581565	4210
2521.8525390625	n/a	2582378	4220
2525.9404296875	n/a	2586564	1121
2526.740234375	n/a	2587383	4210
2527.1181640625	n/a	2587770	4230
2527.517578125	n/a	2588179	4311
2527.62890625	n/a	2588293	1122
2534.9345703125	n/a	2595774	4210
2535.4755859375	n/a	2596328	4220
2548.9609375	n/a	2610137	4210
2549.6298828125	n/a	2610822	4230
2551.4658203125	n/a	2612702	3200
2551.77734375	n/a	2613021	2621
2560.02734375	n/a	2621469	2622
2560.4794921875	n/a	2621932	4210
2561.0498046875	n/a	2622516	4220
2566.1220703125	n/a	2627710	1121
2566.5224609375	n/a	2628120	4210
2567.19921875	n/a	2628813	4230
2567.2666015625	n/a	2628882	4311
2567.3447265625	n/a	2628962	1122
2574.3955078125	n/a	2636182	4210
2575.3896484375	n/a	2637200	4220
2575.9609375	n/a	2637785	1121
2576.849609375	n/a	2638695	4311
2576.9052734375	n/a	2638752	1122
2577.1669921875	n/a	2639020	4210
2578.05859375	n/a	2639933	4230
2580.9775390625	n/a	2642922	4210
2582.12109375	n/a	2644093	4220
2585.28515625	n/a	2647333	4210
2585.5986328125	n/a	2647654	1121
2586.4541015625	n/a	2648530	4230
2587.4091796875	n/a	2649508	1122
2592.4345703125	n/a	2654654	3200
2592.4541015625	n/a	2654674	4210
2592.884765625	n/a	2655115	4220
2593.02734375	n/a	2655261	2621
2595.2431640625	n/a	2657530	4210
2597.240234375	n/a	2659575	4230
2598.302734375	n/a	2660663	4210
2599.763671875	n/a	2662159	1121
2600.9970703125	n/a	2663422	4230
2601.02734375	n/a	2663453	2622
2601.9521484375	n/a	2664400	1122
2606.6396484375	n/a	2669200	4210
2607.4619140625	n/a	2670042	4230
2614.412109375	n/a	2677159	1111
2615.3115234375	n/a	2678080	4311
2615.3681640625	n/a	2678138	1112
2616.470703125	n/a	2679267	4210
2617.34375	n/a	2680161	4230
2622.6474609375	n/a	2685592	4210
2624.33984375	n/a	2687325	1111
2624.9287109375	n/a	2687928	4220
2626.150390625	n/a	2689179	1112
2633.62890625	n/a	2696837	3200
2634.0263671875	n/a	2697244	2621
2639.345703125	n/a	2702691	4210
2642.2763671875	n/a	2705692	2622
2642.7421875	n/a	2706169	1121
2643.798828125	n/a	2707251	4311
2643.8310546875	n/a	2707284	4230
2643.8759765625	n/a	2707330	1122
2645.8623046875	n/a	2709364	4210
2646.5244140625	n/a	2710042	4220
2653.7412109375	n/a	2717432	4210
2655.4560546875	n/a	2719188	4220
2659.7509765625	n/a	2723586	4210
2660.4638671875	n/a	2724316	4220
2662.2802734375	n/a	2726176	1121
2663.013671875	n/a	2726927	4210
2663.4912109375	n/a	2727416	4230
2663.8349609375	n/a	2727768	4311
2663.9462890625	n/a	2727882	1122
2668.341796875	n/a	2732383	4210
2668.7646484375	n/a	2732816	4220
2670.298828125	n/a	2734387	4210
2672.064453125	n/a	2736195	4220
2674.6689453125	n/a	2738862	3200
2675.2763671875	n/a	2739484	2621
2675.4853515625	n/a	2739698	1111
2675.76171875	n/a	2739981	4210
2676.5625	n/a	2740801	4220
2677.0947265625	n/a	2741346	4311
2677.216796875	n/a	2741471	1112
2683.5263671875	n/a	2747932	2622
2683.935546875	n/a	2748351	4210
2684.3564453125	n/a	2748782	4230
2687.8798828125	n/a	2752390	4210
2688.9580078125	n/a	2753494	4220
2699.4072265625	n/a	2764194	4210
2699.9375	n/a	2764737	4230
2701.4208984375	n/a	2766256	4210
2703.50390625	n/a	2768389	4312
2708.0625	n/a	2773057	1111
2709.0078125	n/a	2774025	4220
2710.017578125	n/a	2775059	1112
2715.9287109375	n/a	2781112	3200
2716.525390625	n/a	2781723	2621
2721.3466796875	n/a	2786660	4210
2724.380859375	n/a	2789767	1121
2724.775390625	n/a	2790171	2622
2724.802734375	n/a	2790199	4311
2724.82421875	n/a	2790221	1122
2725.80078125	n/a	2791221	4220
2730.38671875	n/a	2795917	4210
2734.61328125	n/a	2800245	1111
2735.701171875	n/a	2801359	1112
2744.4921875	n/a	2810361	1212
2744.4921875	n/a	2810361	3112
